{
  "Version":"2012-10-17",
  "Statement":[
     {
        "Effect":"Allow",
        "Action":[
           "iam:CreateServiceLinkedRole",
           "iam:AttachRolePolicy",
           "iam:PutRolePolicy"
        ],
        "Resource":"arn:aws:iam::*:role/aws-service-role/s3.data-source.lustre.fsx.amazonaws.com/*"
     },
     {
        "Action":"iam:CreateServiceLinkedRole",
        "Effect":"Allow",
        "Resource":"*",
        "Condition":{
           "StringLike":{
              "iam:AWSServiceName":[
                 "fsx.amazonaws.com"
              ]
           }
        }
     },
     {
        "Effect":"Allow",
        "Action":[
           "s3:ListBucket",
           "fsx:CreateFileSystem",
           "fsx:DeleteFileSystem",
           "fsx:DescribeFileSystems",
           "fsx:TagResource"
        ],
        "Resource":[
           "*"
        ]
     }
  ]
}